Neg_to_Total_Words_norm,Pos_to_Total_Words_norm,Real_to_Total_Words_norm,Long_to_Total_Sentences_norm,C2,Y2,Y1
0.20826523889540413,-0.10611527720041782,0.5592907653776087,0.16923048293999,1.0,1.0,0.0
0.8175249999103748,-1.3063424044556657,-0.024214052119601082,0.23080285556082558,0.0,0.0,1.0
-0.9934963064654132,1.9442798288001788,0.5889339521483683,0.11787762127135769,1.0,0.0,1.0
-0.5880210534155099,1.9442798288001788,1.1019440628325812,-1.2646983641207468,1.0,1.0,1.0
0.4914977823162493,-0.3323048103471682,-0.5128093642910428,-0.5849687966612002,1.0,1.0,0.0
-1.4994286035410482,-1.1388410192673866,-1.4591838517484061,0.20780935348801452,1.0,1.0,0.0
-0.7753840626321261,0.08924733706084559,-0.6371563577452255,1.9508548827612937,1.0,1.0,1.0
0.6926880592427275,-0.09100980333535286,-0.1749804146999775,-7.566446654630099e-16,0.0,0.0,1.0
-0.09095930510688287,-0.7569737827488572,0.5585020182878286,-1.2549042155259822,1.0,1.0,1.0
0.4286206544235623,1.748223774291295,-0.5511194256522584,-1.6253229129917142,1.0,0.0,1.0
0.00446705087655352,0.890138380056993,-0.1867649903396245,-1.7000069685315038,1.0,1.0,1.0
-0.61436573316691,-0.02409149942822936,-0.040667682970435236,-1.181893289637724,1.0,1.0,1.0
-0.43531129390861023,-0.9546737322916385,-1.2324637634334716,0.7957813048111974,1.0,1.0,0.0
0.837329535974421,1.2812804048138091,5.2092575935491216e-18,-1.0419891115963507,1.0,1.0,0.0
1.5305871814133203,0.1212321573650374,-0.6952241324462695,-0.2782159322149305,1.0,1.0,1.0
-1.658647504431413,0.20148478713173124,-1.1393081692248395,1.0847560009565818,1.0,1.0,1.0
-1.6335287004669763,0.2972521667156952,-0.8089462639524978,-1.5376809985865572,1.0,1.0,0.0
1.027901724913024,0.6973059427632206,-1.4554391875111818,0.0452877971592815,1.0,1.0,1.0
-1.3752436734963145,-0.6970953420799254,1.2925564590115555,-0.23883549691439668,1.0,1.0,1.0
-0.7990459620217221,-0.37690717860666745,-1.0841829186429328,-1.5229097236135696,1.0,1.0,0.0
0.428968209893994,-0.16312308009787194,0.3679118590556383,-0.03894484184546484,1.0,0.0,1.0
-1.6409488237298575,-0.7070863602784995,-1.1968716582110566,-0.44440705057112656,1.0,1.0,0.0
1.6335327745321624,-0.4009238085696249,-0.13962855192975512,-1.3441397916116296,1.0,1.0,0.0
-1.1470128492283378,1.7519145232316151,0.9520011235436712,-0.33705257578788445,1.0,1.0,1.0
-1.1680462245685375,1.1363179993724286,-0.40422847134893986,1.0113692010326738,1.0,1.0,0.0
0.7430997966746677,-0.28024869244560185,-0.051026776249580665,-0.37293384162706666,1.0,1.0,1.0
-0.881059961932053,0.8692307642913963,5.2092575935491216e-18,0.6661004062204597,1.0,1.0,1.0
1.09097829302145,-1.4914444318574414,-1.4591838517484061,0.07463088027111453,1.0,1.0,0.0
0.09327328164617561,0.8870642959545904,-0.33529860824773944,0.7349079293586547,1.0,1.0,1.0
-0.06862420405456637,1.615570342824571,0.7788968727853098,0.9779464080676573,1.0,1.0,1.0
-1.6209923876929972,-0.16583212260307523,-0.20450039005840587,0.362055009670069,1.0,0.0,1.0
-1.0892289328501472,-0.43692892165094704,-1.4229766231139926,0.7467218530320244,1.0,1.0,0.0
-0.8488743962353018,0.797554657752906,-0.8376105564272288,-1.3745178600663182,0.0,1.0,1.0
0.8281653244569819,-0.06939628409471262,1.4785480352585514,-0.8730368355603187,1.0,1.0,0.0
0.31668279532668364,-0.28268855451773167,0.5890514827333535,1.104778801584202,1.0,0.0,0.0
-0.7379631487475343,-0.2546863403528248,0.004093326046691239,-0.6548587060472005,1.0,1.0,0.0
0.5138098997884956,-0.6392838783112982,0.6973648142107409,0.031052915012014563,1.0,1.0,0.0
-0.8042810083016664,0.02685252975197177,-0.03790985941397642,0.3613233931954271,1.0,1.0,0.0
-0.33178709112469923,-0.3288456074877401,-0.5616955238659636,-0.7240040046526262,1.0,1.0,0.0
-1.75854446263329,-0.30276601280999327,-1.0711378524463484,0.28549959948307146,1.0,1.0,0.0
-0.11849742895248068,-0.1269487923108019,-0.9107210245637436,1.7529854674968532,1.0,1.0,0.0
-0.007671250600499065,-0.8524100173088265,-0.7286275363916206,-0.4320755599632248,1.0,1.0,1.0
1.6690435477306877,0.48081215278605116,1.1773338579338184,0.5425552456277901,1.0,1.0,0.0
0.8539559668471911,0.6861408106261941,0.16155198492105716,-0.8324118557155704,1.0,1.0,1.0
0.13355128762348537,-1.3366074210527072,-1.4591838517484061,0.4211818112443858,1.0,0.0,1.0
0.23685927594870093,-0.37060863438881386,-0.678527206295252,0.1022049946582037,1.0,1.0,1.0
-0.787516100336438,-0.6666340946158897,0.9366877149365324,0.8454989072284894,1.0,1.0,0.0
1.0217178457449512,0.3688281647083569,1.7196939092218666,-7.566446654630099e-16,1.0,1.0,1.0
7.397145782839753e-16,1.3307471884891526,-0.13403367329597077,-0.2683461489315882,1.0,0.0,1.0
-0.9221495877175496,-1.1583346422276182,-0.27856519161718657,-0.11696066769395436,1.0,1.0,0.0
-0.17731679487587063,1.290900216604088,-0.19743496763462284,-0.1649553933369921,1.0,1.0,1.0
-0.9748115540442166,0.17965789537756027,0.7067198978573241,-1.584953606527695,1.0,0.0,1.0
-1.0146561561833034,0.6337544536501745,-1.3107956877720053,0.12327240816612967,1.0,1.0,0.0
-0.856613752503545,0.8212288972255152,0.18501710576686684,0.9439023991584051,1.0,0.0,1.0
1.753147611949646,0.41111493962503026,-0.7293877829687384,-1.1172264695652663,1.0,1.0,0.0
-0.4712384234409202,0.02273218947545076,0.21825677649178635,-0.7362492861421419,1.0,0.0,1.0
-1.317536131543336,1.288748669149216,-0.4839472975242726,0.08427217900785823,1.0,0.0,0.0
-1.144325331208161,1.9442798288001788,0.554836971251059,-1.2489551771202716,0.0,0.0,1.0
-1.1625565360835333,-0.22020170155499738,-1.4591838517484061,1.2721296259324306,1.0,1.0,0.0
1.5245821845846226,0.6831181742625911,1.503821158388203,0.10648779992846559,1.0,0.0,1.0
-1.0147578601500904,-0.18600620687025565,0.5219678832163356,-0.3330673881381995,1.0,1.0,0.0
1.2828638763399214,1.2726670355560863,0.8222424464024296,-0.13621705016820956,1.0,1.0,1.0
-0.2838930588671957,0.3041912003556756,-0.5316935363305761,1.593050002079092,1.0,1.0,1.0
-0.03906978934863217,1.2424079360614656e-15,5.2092575935491216e-18,-1.0381892450322645,1.0,0.0,1.0
1.5295626389945582,0.9077107188414102,-0.9488064293407878,0.867315203241996,1.0,1.0,0.0
0.5190701093473928,0.5517455103095387,-0.2752732444341798,-1.361261111736509,1.0,1.0,0.0
-1.4504551717795497,-1.3679424585708968,-0.3808825601246439,-0.1418908224930574,1.0,1.0,0.0
0.43809976635062314,-1.4369233376160866,-0.08267832436750257,-0.6310277853167964,1.0,1.0,0.0
0.3265789832150777,-1.5328048369932057,0.07997945641643069,0.7631242443245417,1.0,1.0,0.0
0.13804778540852572,0.9937859527385738,-0.23461504868875416,-0.8080165997113139,1.0,1.0,1.0
-1.296112509864472,0.17967725423466469,-0.1680046355120379,-0.38990639212111794,1.0,1.0,0.0
-0.46374765322116,-1.7264433184896046,0.8427378599292933,0.11353250825963315,1.0,1.0,0.0
-0.8166750332920336,-0.5852179518649255,-0.5217744590912722,0.41524696450080734,0.0,1.0,0.0
1.0823297140415422,-0.9169292874269633,0.39754793880561146,0.3437789923112572,0.0,0.0,1.0
0.5398649698987937,-1.074173915906474,-0.26414252740057687,-1.6058052208016376,1.0,0.0,1.0
-0.035677250255870346,0.5545871784975971,-0.05717129273440009,-0.9735040484835155,1.0,0.0,0.0
-1.8964091238889746,-0.9023322604052287,-1.4587372090880408,1.750961633562779,1.0,1.0,0.0
0.8131369052896579,0.732391873370323,1.4054739495150794,-1.4245934538602778,1.0,1.0,1.0
-0.3177686553415365,-0.5256334181982588,0.5982900058943901,0.26360033551131046,0.0,0.0,1.0
-0.2839219159419227,1.188683241371286,1.0539716121656482,-0.24533934376076388,1.0,1.0,0.0
-0.4942509334394931,0.05997072825207766,5.2092575935491216e-18,0.5615241795157118,1.0,1.0,1.0
1.2175307727016313,1.9442798288001788,-0.6896472244487422,1.6164163789522246,1.0,1.0,0.0
0.5941866742160541,-0.20592634927104753,-0.6987207819598261,-1.7777518460196475,0.0,1.0,0.0
0.5807871116448131,-0.10011336485825324,-1.4212558099320498,1.7133146880861392,1.0,1.0,1.0
-1.282530357316851,-0.76333704665688,0.39326632052932126,-0.6153329988772396,1.0,1.0,0.0
0.41120951990255683,-0.541072205694741,1.1793119830422745,-0.1728679074726648,0.0,1.0,1.0
1.472980824890031,1.161228929633352,-1.0338373362821145,-0.9823636961056088,1.0,1.0,1.0
0.6472390493326878,0.3900242054227144,0.8587586261234756,-7.566446654630099e-16,1.0,1.0,1.0
-0.1835589200583527,0.535077361540149,-1.4591838517484061,1.4688807343236245,1.0,1.0,0.0
0.2807993966646782,0.9780095669232741,-0.28678978841634206,0.5550677349997691,1.0,0.0,1.0
1.2013575071650175,-0.9469139996519597,-0.7040823866140666,0.21890132914249746,1.0,1.0,1.0
0.8401464989948542,-1.5937931347479715,0.7468480342363317,-0.04224933051326103,1.0,1.0,1.0
0.11328083053581336,0.16345640077678936,-0.7100612911517058,-0.8882910605731209,0.0,1.0,0.0
-0.13496750688750503,-1.3248680845636978,0.502731008002678,-0.07771310385831913,1.0,0.0,1.0
-1.2062168235854258,-0.38157032126866863,5.2092575935491216e-18,-1.795165479996234,1.0,0.0,0.0
-0.7780389990390364,0.9974732772634823,-1.191375239209623,-1.8980730559124899,0.0,1.0,0.0
-1.604912422274214,0.7730946962020404,-1.4591838517484061,-7.566446654630099e-16,1.0,1.0,0.0
0.9079277367418365,-1.4445215047059088,-1.4506557006751886,-1.6158699559047085,0.0,0.0,0.0
-0.07907625099100199,-1.8394678061299745,1.4814703408356424,-1.2669812107856937,0.0,1.0,0.0
0.8248385615065786,0.5690612800131147,0.3167753660496714,-0.23517104377695722,1.0,0.0,1.0
-0.39092680108891853,0.6460361859755839,0.6462694356280446,0.858704143759802,1.0,1.0,0.0
-1.4318845222282761,-1.857007484021889,-0.12715599272440442,-1.782668908375388,0.0,1.0,0.0
0.10503492364076387,0.25857174712939635,0.31263596083365974,0.02285842678064927,1.0,1.0,1.0
-0.07532470747798153,-1.0350829567280655,-0.13012838001951446,0.6344144896370917,1.0,1.0,0.0
0.42542085587760053,1.3959332452977735,-0.08650922602661676,-0.30259527413105003,1.0,0.0,0.0
0.7931722081595161,-0.413482801922541,1.1672825934835047,0.3409445804604278,1.0,1.0,0.0
0.0041649707994399696,0.22579338593258913,-0.6910367791469781,-0.16844439797885416,1.0,0.0,0.0
-0.4108178994847787,-0.4425877195304715,-1.4591838517484061,1.2983868015732152,1.0,1.0,1.0
-0.0108619953323447,0.02924911680392717,0.3474293014590112,1.1748530418918126,1.0,0.0,1.0
7.397145782839753e-16,0.19568549878538818,0.11766793158992112,-0.2738472233508315,1.0,0.0,1.0
0.10331627282695226,-1.4280065554106993,-1.4089138141864395,-0.3347579466885399,1.0,0.0,0.0
0.9725219113238636,-0.5758237195245133,0.3277460468902153,0.3536216411664293,1.0,1.0,1.0
-0.008600263033729275,-0.5138609426789774,-0.8655738662416623,-1.1959207994148295,1.0,1.0,0.0
0.26970170293248447,1.0197636492102147,0.6297234088918133,0.9798793698449823,0.0,1.0,1.0
7.397145782839753e-16,1.79322532238255,0.2852624144260871,0.00610349540378977,1.0,0.0,1.0
1.0678409941340603,-0.01645442320519053,-0.06252990461014614,0.5830871556447154,1.0,1.0,1.0
0.2945353643096393,0.14868123155657056,-0.416383968519987,-7.566446654630099e-16,0.0,1.0,1.0
0.9489626989204839,1.3866432799643325,-1.3058686153671708,-0.9625884215659146,1.0,1.0,0.0
-0.923442304099344,0.7528857714086836,0.7252156096530058,1.5477025576235868,1.0,1.0,1.0
-0.4424153021762576,1.8690947022272795,-0.08183803499819296,0.7239521543920592,1.0,0.0,0.0
1.9631084326912902,0.6978230534643808,0.4027289568094208,0.44229660985653957,1.0,1.0,0.0
0.027923660835984465,0.7190200266909342,0.23656948519734552,-1.2100092983648794,1.0,1.0,0.0
0.08434998708676926,1.8968145476437441,-0.35630718347389423,0.5425552456277901,1.0,1.0,0.0
1.5969129650717393,0.5029479187415826,1.05366416842964,0.9396880979611058,1.0,1.0,1.0
0.26887703497471466,-1.4327647736214946,-0.25303357791932346,-0.7391294765290103,1.0,1.0,0.0
7.397145782839753e-16,0.7123788642716166,5.2092575935491216e-18,1.597991353720937,1.0,0.0,1.0
-1.5526869616944168,0.6024058346824789,-1.24109107824291,0.8252653179958385,1.0,0.0,1.0
-0.2879094680160915,0.41586502198631786,-1.1806249993218054,-1.1027094283245127,1.0,1.0,1.0
0.594040899203848,-0.3341979239785509,-0.08083658809143415,-0.9071430696407571,1.0,0.0,0.0
0.6499485869092507,-0.5657444382068194,1.2908313841926906,-0.7752134705348886,1.0,1.0,0.0
0.22433729235417696,0.6742269401713242,-0.04633119430705462,-0.19441346961236966,1.0,1.0,1.0
1.2156983250600129,-0.48236068052857367,-0.7798205819126726,0.30457290492866324,1.0,1.0,1.0
-0.1368099704032495,-0.150624750491622,1.0636304646998236,-0.4815890722646391,0.0,1.0,1.0
-0.4237576026202037,1.3076431891140932,0.18251478984588052,-0.5899184193226967,1.0,1.0,1.0
0.14269749933580114,0.29612990600071626,1.0034726682266963,-0.14784151282278302,1.0,1.0,0.0
-0.020444404312083105,1.7737451692362018,-0.48574162788949765,-1.4275120721087762,1.0,1.0,0.0
0.14716156855309212,-1.655604521151426,-0.688703788046784,0.3724302780231215,1.0,1.0,0.0
0.9907248042269222,-0.6536762692182899,-0.5418499446065079,0.1422368356554387,0.0,0.0,0.0
7.397145782839753e-16,-0.22029627862874823,1.5267211531353624,-0.29430948472165125,1.0,1.0,0.0
1.0720751312648276,-1.1213367810221095,1.0868043073067744,1.1892234463523588,1.0,1.0,1.0
-0.39963223022669303,-0.9683700798960799,-0.2644138229665828,0.2105989025891786,1.0,0.0,0.0
-1.2628249543887426,-0.8470368608129573,-0.42442862533294345,-1.1493974001540765,1.0,0.0,0.0
0.03887757579242163,-0.38904745787514505,-0.7142029171349482,-0.683071695440642,1.0,1.0,0.0
-0.2270499727064683,-1.8212601639699173,0.12771159347970057,-0.8684774132129324,0.0,1.0,1.0
0.8076707117991625,-1.2416306250410079,-0.3611873647388798,-0.6224917319175102,1.0,0.0,1.0
0.669708058176282,1.2753334636808085,-0.9191559115570209,-0.24579558731008924,1.0,0.0,0.0
7.397145782839753e-16,1.2424079360614656e-15,-0.4709382693768594,0.03850006097046275,1.0,1.0,1.0
0.4826852774751549,0.6501914266973744,-0.2689677442880852,-1.1332716204103117,1.0,0.0,0.0
0.4028525362221301,-0.9387792881449549,5.2092575935491216e-18,-0.6998749259980083,1.0,0.0,1.0
0.09532326449378864,-0.27239078159243485,0.9458146401014581,-1.4728939799637795,0.0,0.0,1.0
0.5494370501636053,0.961484930686603,-1.0674118657083804,-0.03894484184546484,1.0,0.0,0.0
-0.46248902045865775,0.5391072260923713,0.5650592245471574,-0.008380701852257796,1.0,1.0,0.0
-0.14194083703610164,0.49481301355802504,0.47002895123960725,0.9578782407852897,1.0,1.0,1.0
-1.4882415930408897,-0.7023141538674404,0.18108075475376678,0.24290862514552788,1.0,1.0,0.0
-1.6355775616249777,-0.386563669972252,-1.4591838517484061,-0.1548320296634102,0.0,0.0,0.0
-1.0098819626634856,-0.7475617941486389,0.27312546951647887,-1.3968806070290047,1.0,1.0,0.0
0.5031370812584437,1.3797497715527722,-0.8652500564956206,-0.9393927143660107,1.0,1.0,1.0
-0.4145120159115296,0.8193007416702383,-0.9783247343284575,0.5296949514664889,1.0,1.0,0.0
0.11920087677240927,-1.2861785913058752,-0.9152552101122047,0.013421826648951075,1.0,1.0,1.0
-1.1492540989699815,-0.295954461781956,-0.46215213289878904,0.4230031412921565,1.0,1.0,0.0
-0.3683197577798873,1.6567629171575502,0.04623132488447442,-0.8454155266590876,1.0,1.0,0.0
7.397145782839753e-16,1.1160983755545748,0.3865695217228059,1.6989605390000035,1.0,1.0,0.0
-0.8010968389704455,-0.766089837749034,-1.227539214069116,0.3437789923112572,1.0,1.0,0.0
7.397145782839753e-16,0.11806616728794661,1.7575344181359813,-1.4078794888156643,0.0,1.0,1.0
-1.4574317730016737,-0.0006609907513717541,-0.7661108253949216,0.2914958265229584,1.0,0.0,1.0
-0.8919980665586822,-0.4572500818566955,-0.15645100423911817,0.8652978090336853,0.0,0.0,1.0
-0.5445129656358924,-1.580055793560923,-0.18752877424191244,0.9653567840934909,1.0,1.0,0.0
-0.5913029297048658,0.9627501039301258,-0.19177048549703662,0.30980759056127954,1.0,1.0,0.0
0.4661980402927502,0.2343771688601735,-1.2473240323622148,-0.18978967029826108,1.0,0.0,0.0
7.397145782839753e-16,1.2424079360614656e-15,-0.7885009309512743,-7.566446654630099e-16,1.0,1.0,1.0
0.7048321921439872,1.7862890953815864,0.41866498235995875,-0.1734750558345617,1.0,1.0,1.0
0.8598630788699395,-0.4214901786365647,-0.15858766442612388,0.013189648755585,1.0,1.0,0.0
-0.20684712974298589,-0.7002821127761903,0.6817005749066251,-0.2892260239450405,1.0,1.0,0.0
-1.7466597348685848,-0.7596917287444432,-0.5927945168532648,-0.8248372278879621,1.0,1.0,0.0
-0.2415565851690051,-0.3352820743736435,5.2092575935491216e-18,1.3013126011446168,1.0,1.0,0.0
0.1605402463320078,1.2424079360614656e-15,-1.1993425404351663,1.0435437310902382,1.0,1.0,0.0
-0.7916120694801576,-0.5613294385726361,-1.446412508457024,-0.40589144876824307,1.0,0.0,0.0
-0.5293566306393843,-0.55511990817559,0.32829942600043843,0.8579107964621053,1.0,1.0,0.0
0.5955821703391029,-0.5958885936283526,-0.8609179204748794,1.381565782978127,0.0,0.0,1.0
-1.0403868420184934,-0.7985854910889942,-1.2430536892002189,-7.566446654630099e-16,1.0,1.0,0.0
7.397145782839753e-16,0.9784139014990905,-0.06059535161984552,1.923893894576142,1.0,1.0,0.0
1.250844689323411,1.9442798288001788,0.6354530807228044,-0.06237658678881275,1.0,0.0,1.0
-1.5098023931551563,-0.9471408816168821,-1.31262667320066,-0.31966902200496583,1.0,0.0,1.0
-0.1986630348590892,0.5448531613736798,-1.4164183632545717,-0.9562853854125729,1.0,1.0,0.0
-0.15122478658938832,-0.2856392764100993,1.1594636420513582,1.7094922779998727,1.0,1.0,1.0
1.6820570940560877,0.9443634800270627,-0.2087139992620231,-0.791502219795788,0.0,0.0,1.0
-0.8204676766184581,-0.13857569648566023,-0.24759584396398557,0.0754401712999795,1.0,0.0,0.0
0.9274186409873647,0.47965279822077367,0.3178998593944059,-0.3807114480320642,0.0,1.0,0.0
0.16471168667203812,1.9442798288001788,-0.5319782563470555,0.007141789113901441,1.0,1.0,1.0
-0.9883984001001247,-0.23984699290137346,0.6620188732383391,0.9972899621190396,1.0,0.0,1.0
0.2620448304307489,1.1623168942870776,-0.4859429471112644,-0.5894617767158629,1.0,0.0,1.0
-1.6664565314990505,-0.2937657368030783,5.2092575935491216e-18,1.2596734779760104,1.0,1.0,0.0
-1.0134305625340592,-0.07048870242772669,0.8217332583389677,-0.12231870399105031,1.0,1.0,0.0
-1.179830173721981,-0.7097238903996897,-0.3953579855334651,-0.3377395904882883,1.0,1.0,0.0
0.013799142551851065,-0.6654704467794106,5.2092575935491216e-18,-1.7820690053428787,1.0,0.0,1.0
0.6944326089375273,0.9832531761419389,-0.2961935112751032,0.32883705017923226,1.0,0.0,1.0
-1.6470381614864051,1.0675102436069361,0.9694181944755401,-0.8123686035093993,1.0,0.0,1.0
7.397145782839753e-16,-1.2212065268655665,-1.3118661523425585,-0.09750080580511451,1.0,1.0,0.0
0.015030857900062054,0.28377768971328415,1.8541717379044238,-0.18162819098001748,1.0,1.0,1.0
7.397145782839753e-16,1.660280294355171,5.2092575935491216e-18,1.9522013826945905,1.0,0.0,1.0
0.7908696496634781,0.6468278254348396,1.0914268416816373,0.19829147270727088,1.0,1.0,1.0
-0.5262132194024822,0.7052706634895999,1.643618902115011,-0.43158300708145314,1.0,1.0,1.0
-0.8948669143270594,0.5791397033635082,-1.4591838517484061,0.14736912296277646,1.0,0.0,0.0
-0.0572752903806345,-0.20308618918703644,0.22016878704171122,0.8389448376265513,1.0,1.0,1.0
-1.1649445427967688,-0.057662163842309516,-1.4591838517484061,1.7647803672721625,1.0,1.0,0.0
-0.8719362419856151,0.24610196560293582,-1.4591838517484061,1.8155728374913183,1.0,1.0,0.0
-0.2860859338420184,-0.6446738490633815,0.46013750420077965,-0.393679688754559,1.0,1.0,1.0
-0.2109089175388898,-0.5956359160877973,-1.3780724892498704,0.8273368901592363,1.0,1.0,1.0
-0.14087813368009525,-0.46617599102620877,-0.19159098790651613,0.24296884755200157,0.0,0.0,1.0
-1.5471828471415519,1.9442798288001788,0.9251040012658913,1.3388925645074774,1.0,1.0,1.0
0.32702221262354975,-1.277637891803584,0.18723705508497523,-0.10734398821959736,1.0,1.0,1.0
-0.036394827305310955,-0.30502864491415616,0.609060852711453,0.28431480903481104,1.0,1.0,1.0
-0.32719234628087507,1.0781078455708228,-1.4591838517484061,1.325140572284615,1.0,1.0,1.0
-0.3392166868270116,-0.37471272079847895,0.6142328977852916,-0.8694580915348418,1.0,1.0,0.0
-1.197403756493978,-1.1939161970585714,-0.5007659882691717,-0.1671667705869281,1.0,1.0,0.0
-1.9124893208629319,0.320738770672019,-1.0469387281724898,-1.159551585965858,1.0,1.0,1.0
0.5958453989338115,-1.8415746782690678,0.22649606939624398,-0.7972579286119594,1.0,1.0,1.0
-0.11805397058919712,-0.04245683053967183,-0.2087139992620231,-0.002160761288849367,1.0,0.0,1.0
1.2041503311136526,0.341771350303423,-0.2856703633370839,-0.31219740790069705,1.0,1.0,1.0
-0.07263080612259604,1.0793863555584309,1.591197952451082,1.021650750502498,0.0,0.0,1.0
0.635282942697753,-0.21939198369566937,-0.5245442287473995,0.4646540797636408,1.0,1.0,1.0
-0.14228321312547415,0.01359007841174965,-0.5479439627847773,-0.6296822418279805,1.0,1.0,0.0
0.3255974332091968,0.37714823373850376,-1.1461272294466416,1.252622289560649,1.0,0.0,1.0
-0.7015502762539524,1.9110047192513495,0.5063937312864921,-1.3696356704932433,1.0,1.0,0.0
-0.3387386723188357,0.09861397125959008,-0.26561159335186935,0.11477645305225981,1.0,1.0,0.0
0.2063817295362892,1.2424079360614656e-15,-1.4591838517484061,0.41009062350543984,1.0,0.0,1.0
-1.032524743170441,0.7869095743318169,1.7064320425426676,0.5268524857867962,1.0,1.0,0.0
1.3651601396829096,0.9458135795800776,0.3438992219902221,-0.7460951543668197,1.0,0.0,0.0
0.7648867176035365,0.4526132722323856,-0.5568627614108034,0.8528578625710158,0.0,0.0,1.0
-0.4241452985300263,-0.5665922432917226,-1.4467710242117084,-7.566446654630099e-16,1.0,1.0,0.0
0.5901693866213643,-0.24173581859463952,0.4221498330697243,0.3517757381343345,1.0,1.0,0.0
-1.0964903394968444,0.17705054277613128,0.28637611899895155,-0.133526919420299,1.0,1.0,0.0
-0.13221712755268944,-0.6759612735872345,-0.8877494367716562,-0.20868966082451315,1.0,1.0,1.0
0.1820812754331832,0.6371894359593885,-0.7727379875398654,-7.566446654630099e-16,1.0,1.0,0.0
0.2163472059337518,-0.2511706840353029,-0.7041035850887023,0.5425552456277901,1.0,1.0,1.0
0.1956854253015323,0.6370952584868314,-1.4591838517484061,0.6184309811794734,0.0,1.0,1.0
0.2695098678132651,0.48609352574547693,0.9038716967895469,-0.9880791891323778,1.0,0.0,0.0
-0.13669530186427564,0.32375978979793535,0.13896178372369009,-1.3503530730197548,1.0,1.0,0.0
-0.5571371387912673,-0.3419689287722451,-1.4168161222348685,1.6133821586555699,1.0,1.0,0.0
0.5946576914733127,-0.27235173032165433,-1.0188694499125266,-7.566446654630099e-16,1.0,0.0,1.0
1.5815473005850376,0.782495620152639,1.3240325826569492,1.336553051716213,1.0,1.0,1.0
0.8169931514503055,0.3950435072834574,-0.20926909377562325,1.5992485736233695,1.0,1.0,0.0
-0.4372669491681136,-0.27531719213611294,0.7493935083132929,-0.7212061809421209,1.0,0.0,1.0
7.397145782839753e-16,-1.6109330218791884,-1.4007590565856134,1.3036544448344844,1.0,1.0,0.0
-0.10680536584028458,0.37544675802794336,0.4621123823884233,0.4099053582996735,1.0,0.0,0.0
0.14006267271381778,0.6484915417012511,-0.4571030208410809,0.5141586380111436,0.0,1.0,0.0
-0.4713872110439514,0.5384104573870244,0.34254900246685577,-0.9518771433581584,1.0,1.0,1.0
-1.3423201932897093,-0.19112975672924934,-0.10196292354384977,-0.35429201720783593,0.0,0.0,1.0
-0.04906671390519842,0.1963569524220451,-0.33798678589118936,1.06038533739574,1.0,1.0,0.0
0.8302165068915334,0.3671927464673469,0.26172234365526353,-1.4794400077625258,1.0,1.0,0.0
0.07426543611457054,0.8186099938027047,0.01371565790514623,-7.566446654630099e-16,1.0,0.0,1.0
-0.5449954951358993,1.9442798288001788,0.4953703127031652,-0.2284537598389181,1.0,1.0,0.0
-1.1502867799494725,0.6981199584351896,-0.20472369638916885,-0.6768762185956798,1.0,0.0,1.0
1.711556525708129,1.538904014068146,-0.5480009791864735,-0.6302551829264439,1.0,1.0,1.0
-1.4685323216359694,-0.9635077292595258,0.7481859192134247,1.102083759729899,1.0,0.0,1.0
0.289122305086881,-0.4417420459887489,-1.3313542539444765,0.06833189842977351,1.0,1.0,0.0
-0.6791209940495069,0.5989324546539674,-1.4591838517484061,1.6264943249375428,1.0,1.0,1.0
1.0504678967076977,0.43168308523853555,0.3559392130314399,0.7451129567425211,1.0,1.0,1.0
1.438311420970195,0.4953990690804484,0.8442504851598196,-1.320465046935846,1.0,0.0,1.0
0.04478554352987252,1.9442798288001788,0.1550629028644953,-0.371610242946698,1.0,1.0,0.0
1.3545449534176384,1.2242199405547203,-0.3746768462492215,0.3183769360432728,0.0,0.0,1.0
0.4415245698425532,-0.6044360221608631,0.8126903309923386,1.3110195182727626,1.0,0.0,1.0
1.0853126968940234,0.3159828231101017,-0.4990300432962116,-0.14448211250361184,1.0,0.0,1.0
0.4488253898669479,0.26037499831629507,-0.2950356488930141,0.08839925610630552,1.0,0.0,1.0
-0.8974789598273618,0.04634403053668651,0.19574533158928858,0.5819916986172308,1.0,0.0,1.0
-0.5082253785701399,0.9468203435762943,0.9915246207903919,-0.37974743575273157,1.0,1.0,0.0
1.2184423516631795,-0.23298063904588528,-0.27563974396779306,-1.5005413885454815,1.0,0.0,0.0
0.6787283237987025,0.9520155035218595,-0.5651010667374474,1.4386168028333444,0.0,1.0,1.0
1.3260656814987766,-0.9699180354243643,-0.27474140996620255,1.226458963456942,1.0,0.0,0.0
-0.7728303540239129,-0.026672209748412806,-0.054101713063042935,0.6237181656861317,0.0,1.0,1.0
0.675272700886007,-0.11153870663973027,0.1113135033075522,-0.8219553288570675,0.0,1.0,1.0
0.6694153458778414,0.5976423907545132,0.6433236405241933,-1.608560968466306,1.0,0.0,0.0
1.7313930690425505,-0.9899827091821262,0.2415026859728766,-1.5534595486175857,1.0,1.0,1.0
-0.3875695238869858,1.9442798288001788,1.1730100833793646,0.29771166962881523,1.0,1.0,1.0
0.8840130949141198,0.36956634056440263,0.8833411670239781,0.26360033551131046,1.0,1.0,0.0
7.397145782839753e-16,-0.27010537951851793,-0.9318591725149558,0.08983605975856145,1.0,1.0,0.0
-0.0038648923783965883,-0.5263867396573332,-0.9874097289548629,-0.35010046674494716,1.0,1.0,0.0
0.9582028633183034,0.23026713224315298,0.0039710948765866085,-7.566446654630099e-16,1.0,1.0,0.0
-0.13709715088735058,-1.765994453388609,-0.9418195795719854,-1.9560408847703599,1.0,1.0,1.0
-0.14524911666495588,-0.757820465327915,-0.20007032090611834,-0.38861205555050116,1.0,0.0,0.0
-0.29895248435273886,0.7221476430471915,1.4722369160424045,-0.8376470335306152,1.0,1.0,1.0
-0.5172727607500105,0.7571118986760049,-0.06721347345055813,0.0084025743333213,1.0,0.0,1.0
-0.4687380699381607,0.4651105719889651,0.6201464786735855,-1.3098797043644603,1.0,1.0,0.0
-0.28289176694885565,0.15810358704136834,-0.8931475348644713,-1.3968806070290047,1.0,1.0,0.0
1.5467700938876983,-0.6840692350559288,0.6269145402731933,-1.1919581643571726,1.0,1.0,0.0
0.023270355330398555,-0.48005250072105593,-0.4061888287246136,-1.3303501917495901,1.0,0.0,1.0
0.3753590457899258,-0.5534618298584044,0.27833060231529555,0.11487371234575985,1.0,1.0,1.0
-0.7259052322842957,-1.1627731077777144,-0.5475134725941307,1.647887859397603,0.0,1.0,1.0
0.35927038239265036,-1.2861156131817917,-1.459022548422168,0.6022596238721455,1.0,1.0,0.0
-0.8417745558734553,-0.5095450110892265,-1.0388635034688305,1.0167785928258066,1.0,1.0,1.0
0.6387305270918766,-0.41493965443801983,-1.4375818926380932,0.8215101557442709,1.0,1.0,0.0
0.35852848927854397,-0.554705475740087,-0.349861366074539,0.3974521352194956,1.0,1.0,1.0
7.397145782839753e-16,0.8864882923620686,-1.0590970244339957,0.3909140590237747,1.0,1.0,0.0
-1.7327142551506813,-1.4608755419667285,-1.021458098413567,1.2976879640959686,1.0,1.0,0.0
-0.13531598027502328,-0.02878660213844482,-0.28831747052744866,0.6062093861912827,1.0,1.0,1.0
-0.8405934342501266,0.35560356448302743,0.6092941377659068,-0.7450710613337123,1.0,1.0,1.0
-0.32719234628087507,1.4081513712597786,5.2092575935491216e-18,0.7921464809951679,1.0,1.0,0.0
0.8014141178856093,-0.795514446813471,-0.7455717026076246,0.009720024056984978,1.0,0.0,1.0
-0.536357594749936,0.4811473366269614,-1.4538420585762744,1.3779746137486484,0.0,0.0,0.0
7.397145782839753e-16,0.4107381714241049,-0.1661112005770904,-0.3408551040096574,1.0,1.0,0.0
0.008289911232417478,1.0025216017908556,0.5689584529816815,1.7415350291095688,1.0,0.0,1.0
0.06974649206089581,-0.6912053236599686,0.2163840782905587,0.15261031822358584,1.0,1.0,0.0
-0.08202195059036488,-0.040904232014041114,-0.2118357075832796,1.2285387038387576,1.0,0.0,1.0
-0.6066028243706753,0.17533084570779753,0.33878675082931714,-0.05022393836972974,1.0,1.0,1.0
-0.8420839039545124,-1.1352058843121813,-0.5626506726798011,0.9922497990052195,0.0,0.0,1.0
-0.20976782952855166,0.6814427410512672,1.1149374572401332,-0.003670599312333349,1.0,0.0,1.0
0.13243291987669104,0.6169704411560223,0.6906388306837323,-1.1143697024134727,1.0,1.0,1.0
-0.5341208996093648,-0.8476376294076164,-0.7805767509904984,-0.3010151315994514,1.0,1.0,0.0
-1.0169841642947537,0.5929803257710868,0.3940113735665539,1.0470481681788724,1.0,1.0,1.0
7.397145782839753e-16,-0.7143620226858113,-1.4585399346604362,-0.6276062604452375,1.0,1.0,0.0
-0.2885978059840041,1.3600185429905873,0.6294627570744822,-0.40589144876824307,1.0,0.0,1.0
-0.3175369620808885,-1.5842159773548905,-0.725921819775114,-0.32574102388970444,1.0,1.0,0.0
0.939572701244065,-1.04595123989462,-0.23508820738657743,0.659167544119106,1.0,1.0,0.0
-1.008524867843766,0.2746577300861051,0.420893655916325,0.9688234228844349,0.0,0.0,1.0
0.22260302422268513,0.47004835792625016,0.42320606445174674,-0.8257984654501869,1.0,1.0,0.0
0.9624976950804353,0.9139209753161378,5.2092575935491216e-18,0.05567295897685054,1.0,1.0,0.0
1.593641239031694,1.868793085000045,-0.37069472445144364,-1.3595493887378798,1.0,1.0,1.0
0.8281283772200948,0.178679846628891,0.29108821018884223,0.32416291468133523,1.0,1.0,0.0
0.11290734767208015,-0.6981154952663731,-0.8932667334745672,-1.7503928067582233,1.0,1.0,0.0
-0.6022514040754835,1.9442798288001788,0.4539487879292269,1.4008780459861905,1.0,1.0,1.0
-1.3400811513667132,-1.4022082676618448,-1.352810140557484,-0.014798887533224964,1.0,1.0,0.0
-0.8617248289032976,1.2424079360614656e-15,-0.5091898562848332,0.30256367315915816,1.0,0.0,0.0
-0.19089547398358844,-0.3405110052915028,0.10240485701471871,-0.12637441288830348,1.0,1.0,1.0
0.8242621845833212,1.2424079360614656e-15,0.07854700546247488,-0.15392828805396205,0.0,1.0,0.0
0.2666284635062429,-0.32560666768559665,-0.5307385576197036,0.006652529178006398,1.0,1.0,0.0
0.4239197466303801,0.9509405655840913,-0.8112087272686752,0.21323347674027854,1.0,0.0,1.0
7.397145782839753e-16,0.6830427475138537,0.7479887542397641,0.33272190615964153,1.0,1.0,1.0
0.5892345730053731,0.565406017085379,-1.0019000220577885,-0.04620963238329041,1.0,1.0,1.0
0.5296270163696053,0.37070489565564707,-1.049789833335621,-1.6213765328485954,1.0,1.0,0.0
-0.4646919847031918,-0.32338829706571587,1.492440814228153,-0.7478484202171511,0.0,1.0,1.0
7.397145782839753e-16,1.9442798288001788,5.2092575935491216e-18,-7.566446654630099e-16,1.0,1.0,1.0
-0.6660927349311033,0.16764149623798047,1.5402588338419847,-0.6937468657444701,1.0,0.0,1.0
1.2839191126717273,0.47087141409181366,1.9595086553934278,0.15316364089041642,0.0,0.0,0.0
-0.8445219078472664,-0.4008263339901435,-1.093179843702218,-1.5860609150905782,1.0,1.0,1.0
-0.841509975641652,-0.9413765995362305,1.0372940431489497,-1.1299288806509271,0.0,1.0,1.0
-0.034859371399466224,-0.33001937216988975,-0.29874640983185435,0.01801926339973531,0.0,1.0,1.0
-0.1993843281818632,0.8858782545309287,0.6342601320056757,-7.566446654630099e-16,0.0,1.0,0.0
-0.8500797063258351,-0.1628878702413072,-1.4591838517484061,-7.566446654630099e-16,1.0,1.0,0.0
1.2638955364026478,1.9442798288001788,-0.46275410056521205,-0.5940131071608431,1.0,1.0,1.0
-0.9834611223292808,0.004188844510568102,-0.25455404823513794,-7.566446654630099e-16,1.0,0.0,0.0
-0.45454819419032694,-0.24032921289414022,-0.03430045492072099,-1.1096590757270022,0.0,1.0,1.0
-0.23323815135018203,-1.4674785327788606,-0.8240673234304091,-0.8394670804921427,0.0,1.0,0.0
-1.2744966664942927,-1.5827145026057448,-1.1491085631130584,-0.5127972900440959,0.0,1.0,0.0
0.04254336893956686,0.61632568341927,-0.5663767517966802,0.3943604496284107,0.0,1.0,1.0
-0.8597692911292023,-0.1514852732740023,-0.5689999665931018,-0.6651630918624853,1.0,1.0,0.0
0.4937104992344676,-0.5279709672107294,-1.4158956710709405,0.5650302857793552,1.0,1.0,0.0
1.3792416261130909,0.14934751747076025,0.5322920691592873,-1.0603196679015046,1.0,0.0,1.0
-1.4912090129098488,1.5620652657245937,1.0124817292012327,-0.08186695530909995,1.0,1.0,0.0
0.0619067251646632,-0.29284314853799115,-1.4591838517484061,1.5333677145573639,1.0,0.0,1.0
-1.275987937024263,-0.9151834194550104,-1.218315108863189,0.7048089569552609,1.0,1.0,0.0
0.9701878949456466,0.6800952254235577,-0.4382909093719732,0.6827197817454305,1.0,1.0,1.0
1.0781981881256124,-0.3258832186732198,1.8506449077034113,1.467869093819042,1.0,0.0,1.0
7.397145782839753e-16,-1.1626128459816674,-0.5742484009501623,-1.186384041031645,1.0,1.0,0.0
-1.9656948797077631,-1.5899229215872341,-0.5365128812072064,-0.40589144876824307,1.0,1.0,0.0
-0.48596712123251984,-0.23908707864699597,-1.4157751914218415,0.4815618890749916,1.0,0.0,0.0
-1.4439583152685482,0.7907877667650219,1.260778354381359,1.5432100149447057,0.0,0.0,1.0
-0.32151128648317806,-0.3803518802723689,-0.5891921906821153,0.9865090174727421,1.0,1.0,0.0
-1.0104998843479642,0.12303440830195377,-0.18743169590317144,0.059432264568149235,1.0,1.0,1.0
0.21077768494368282,0.8060426754336898,0.9042234802070408,-1.4764154404627745,1.0,0.0,1.0
-0.3558540345069723,1.5321377710022102,1.151609751463238,0.7312155284190454,1.0,0.0,1.0
0.1570486266457937,-0.210258663223152,-0.2663115709787166,0.5547774968442335,1.0,0.0,1.0
-1.0538342849153464,1.1921233512713516,-0.3837536417931241,-7.566446654630099e-16,1.0,0.0,1.0
-0.5799367719495773,0.3532181777423338,0.06231710814494275,-0.6389568480737519,1.0,1.0,1.0
1.2174501861881093,-0.6152173722974615,-0.2992270700351741,-0.20405936674278946,1.0,1.0,0.0
0.9704201892290977,-0.17793096099983624,-0.15422767831345266,-0.9507438051234092,0.0,0.0,1.0
0.7043135920488189,1.7460067603237146,0.7260447665704708,-0.044851317366731695,1.0,1.0,0.0
-1.1961952805708205,1.7284654789459526,-0.5900177605444096,-0.6376386048650101,1.0,0.0,1.0
0.6751271713225074,0.2884048118235813,5.2092575935491216e-18,0.706515445456892,1.0,0.0,1.0
0.332842286464398,-0.42044821928132997,-0.5291695900210518,-1.4468695279833996,1.0,1.0,0.0
-0.5865021380790368,1.5584218979950575,0.2256118792604166,1.1164561116636056,1.0,0.0,1.0
0.5081583873820955,-0.23033047548849014,0.003995666983493427,-0.02087843421143585,1.0,0.0,0.0
1.2077127588804815,-0.544051301160478,0.20605339203931994,0.4299272006682611,1.0,0.0,1.0
1.0795513482171621,0.5478016806806891,-0.4021417441612295,0.9197783627171228,1.0,1.0,1.0
0.08503539903241847,-0.3316119204693659,1.7538575494107687,-1.7156511696008596,0.0,1.0,1.0
-1.1386902621447816,-0.1173387469501088,-1.451220879015433,0.08557638378242896,1.0,1.0,1.0
1.8392369704129128,0.24732354523797845,0.576078541267307,0.12459568538547013,0.0,1.0,1.0
0.34599173440988745,0.3854081437569206,0.8209139909196521,-1.6435807520935621,0.0,1.0,1.0
0.5070557979624162,0.45412866960343157,-0.24780746064365583,-0.13719154209280643,1.0,1.0,1.0
0.004320860676239238,0.916340729537406,-0.6758488508799511,-0.5794519344340594,1.0,0.0,0.0
-1.3165198419697945,1.0554731813995426,0.3796959568733896,0.5141586380111436,0.0,1.0,1.0
0.7132040439781431,1.5093707244057841,-0.028980281994487222,0.5425552456277901,1.0,1.0,0.0
-0.43269868706674114,-0.36323757175792953,1.3517368298072383,0.40432870944899635,1.0,1.0,0.0
0.7610565930396426,-0.8107718585632949,-0.6739496818280447,-0.8386778044635197,1.0,1.0,0.0
-0.7749341096789236,-0.43753568038328555,1.2503439925136453,1.092993059339774,1.0,1.0,0.0
0.7205877393211032,-1.2152392240109624,0.24799520605791478,0.5885963472975011,1.0,1.0,0.0
-1.5833947600281715,1.9442798288001788,0.8158940965261108,-0.10638196632738943,1.0,1.0,1.0
-1.855669331632447,0.0331957880959804,-0.8696744643663794,-1.2334206363090048,1.0,0.0,0.0
1.9139895419126907,-0.13837043635880977,-1.229863356659775,-7.566446654630099e-16,1.0,1.0,1.0
0.6120480763856938,-1.5219535090588745,-0.4445941465405515,0.7678881535836514,1.0,1.0,1.0
0.8160678172136043,-0.3618453942505416,0.749791723886246,0.9233185171006506,1.0,1.0,1.0
7.397145782839753e-16,-0.7932458580432283,0.45421747821046177,-0.17246000070181203,1.0,1.0,0.0
7.397145782839753e-16,0.1935442454975619,-1.3590737072969445,0.2120592338042131,1.0,1.0,1.0
-0.5393554261802258,0.044057973478992186,1.18169258859624,-0.10225791149171613,1.0,1.0,0.0
0.4124421636740408,-0.8416398631922023,-0.5012839802858986,0.18203457231935677,0.0,1.0,0.0
0.4839705781514999,0.2872483610645416,0.21152480398726034,1.079959957613291,1.0,0.0,1.0
0.16445766845151497,0.6046121091264196,-1.4591838517484061,1.1781123088828651,1.0,1.0,0.0
0.7789052693588823,-0.4448219036126326,-1.0949024346353207,0.7568408445581325,1.0,0.0,0.0
0.11359979867885941,0.5799125120489393,5.2092575935491216e-18,0.5969074917249845,1.0,1.0,0.0
-0.5875578942855711,0.04222262019346591,-0.7324365305043418,-0.9393927143660107,1.0,1.0,1.0
-0.8350133938885803,-1.402673097971428,-0.024522358383914457,-1.1727206910458863,1.0,1.0,0.0
-0.21667792951247225,0.15723709723735846,-1.459181584279182,0.47714512877289195,1.0,1.0,1.0
0.08024876435444321,1.1386016855571148,1.7130206780257924,-0.11539861305008685,1.0,1.0,1.0
7.397145782839753e-16,-0.09476092261267664,0.30387109036437787,0.8617440370110709,0.0,1.0,1.0
-0.4462445583250498,-0.994887219845027,1.2519719713101167,-0.0630793905528078,1.0,1.0,0.0
1.1699127796771467,-0.35554261643697066,0.2110235901215114,-1.3849331978222128,1.0,0.0,1.0
-1.4164660773124726,0.5316153191593233,-0.21167444508928102,-0.21897129731792855,1.0,1.0,1.0
-0.29723601997868704,0.6684869901428597,1.5151047954648154,-0.6794818413824821,1.0,0.0,1.0
7.397145782839753e-16,-0.21718821556686035,-0.9386603366967904,1.047875205756824,0.0,1.0,0.0
-0.5263492095894958,-1.391262291398014,1.0666325028357222,-0.26532098469250914,1.0,1.0,0.0
-0.46327537386822304,0.02134337865150049,-0.04859552374222665,-0.13146778592268965,1.0,1.0,0.0
0.18477177683463178,-0.028857790562907774,-0.44160779926525956,0.45843580488313096,1.0,1.0,1.0
1.1218681106253376,1.716208557222266,-0.11583802586778703,-0.7078844260883719,1.0,1.0,1.0
7.397145782839753e-16,0.8061582830790515,-1.3061418035649268,1.6084178168541006,1.0,1.0,0.0
1.6568637599261609,0.8594390747799064,-1.4591838517484061,1.3444489522600043,1.0,1.0,1.0
-1.1721630735264883,-0.08410343917183391,0.18708455530647697,0.2987056218994466,1.0,1.0,0.0
1.1733079810988045,0.865068765938735,0.9313853138266442,0.3363711816286534,1.0,1.0,0.0
0.8840086020495641,0.3226265131526232,-0.46851200030477713,0.5771700884889592,1.0,0.0,0.0
-0.28856608893083374,0.7185187093305926,0.45121665606725664,-0.20050598501698846,1.0,1.0,1.0
0.8215333449665975,-0.3082528331003169,0.503184827768715,-0.19475313870834782,1.0,1.0,1.0
-0.6067576901034926,0.0363685301543477,0.22834972221689295,-0.45692893904964355,1.0,1.0,0.0
1.146563124684911,1.1351397354535766,-0.5066072976471245,-0.5367116824780394,1.0,1.0,1.0
0.45668044296665994,-0.6656021036731379,1.3253616843490705,0.058653870935937,1.0,1.0,0.0
0.47009762892209855,-0.31991548155197475,-0.359502777092644,-0.30161196927967365,1.0,1.0,0.0
-0.9148274360473041,0.3926732705702733,-1.2442917181237547,-1.0337737576281851,1.0,1.0,1.0
0.8552214365965103,1.9442798288001788,0.3443777831271861,0.1143626070742769,1.0,1.0,0.0
7.397145782839753e-16,0.599772606496582,-1.0182515086277653,1.1988685149028797,1.0,0.0,1.0
-0.14154040724910916,1.2424079360614656e-15,-0.8445915292792466,-0.13586625673764377,1.0,0.0,1.0
0.11044359408667719,-0.2538396951120388,-0.7985860590126795,0.44477723589624013,1.0,1.0,1.0
-0.3024727164515149,0.4188751051308607,0.009452084146415286,0.09363469320281832,1.0,1.0,0.0
1.0142576301605948,-0.2937918926301439,-0.8136684515843738,0.936976985076817,1.0,1.0,0.0
0.9882933320534967,-0.02304993297936237,-0.6823385605594537,0.826181649454355,0.0,1.0,1.0
-0.439044069204042,-0.8128903557718281,5.2092575935491216e-18,-0.6486218824051412,1.0,1.0,1.0
-0.9191994879425406,-1.8656106902542626,-1.4591838517484061,-0.3866661779358912,1.0,0.0,1.0
0.5628438048123646,-0.1153900463039048,-1.4285782434583854,0.4819792706207444,1.0,1.0,0.0
-0.7650831993108529,-0.5820370590831386,-0.5209858001343063,1.042489497191964,0.0,0.0,1.0
-0.07214647665969308,1.3218562677802972,0.6611756536502704,-0.4553278594800041,1.0,0.0,1.0
1.0475352047425803,0.4008825042961197,0.35331815522001836,-1.0503675538971347,1.0,0.0,1.0
-0.3890450743068705,-0.04125430110011489,0.4692396425790542,-0.29150591778580726,1.0,1.0,1.0
-1.6334513629000362,-1.3977994058312413,-1.4385856798596084,1.879820134645893,1.0,1.0,1.0
-0.4982340708666282,0.25005868847687945,0.3715973735682196,-0.2838393272373867,1.0,1.0,0.0
-0.14326885902991437,1.3974173424922478,0.7918322486812889,-0.2775302420078769,1.0,1.0,1.0
1.2089807048532117,0.4394919534980377,-1.3082070034363054,1.6037543442527227,1.0,1.0,1.0
0.4177075282093105,0.3302211976736115,-1.2465270040850431,1.177342403294427,1.0,1.0,0.0
-0.9338541945947434,-0.5437639199083366,0.01788887143977074,0.8704331079400787,1.0,1.0,1.0
0.21654769184321668,-0.48432028977966013,-0.11132657277023317,1.2309439754313631,1.0,0.0,1.0
-0.7592387669157008,0.6786327490840253,-0.2183030637278412,-0.03576590949174166,1.0,1.0,0.0
-1.6296310475612326,1.1596185349574202,0.30521177906246927,-0.0935980250036952,0.0,0.0,1.0
0.2511112387538265,0.4914334303658746,-1.3151595459889707,0.1860586734334769,1.0,1.0,0.0
0.5275458756845768,0.45896477128739294,1.4421217851195394,0.09914514285944019,1.0,0.0,1.0
-1.2014330208948538,0.2555919907479521,0.8756181463007007,0.7264377680106958,1.0,1.0,0.0
1.7831898790537548,-1.03324891741703,0.5918697399880068,-0.2629748235852778,1.0,0.0,1.0
0.2459968067001258,0.17093551680980207,1.4832747560067616,0.6243178916964143,1.0,1.0,0.0
-0.9963781370301517,-1.1006972115339577,0.14690362378699126,1.1581798748503673,1.0,0.0,0.0
-0.11485904394478244,1.3253141113072016,-1.1895427289164138,1.728113613622831,1.0,1.0,1.0
-0.6254313755814004,0.010876175295981677,-1.4591838517484061,-0.5424677727612708,1.0,1.0,0.0
0.3512433499450678,-0.21464773714133853,-0.9889587113942193,1.4397345511375512,0.0,1.0,1.0
-0.017230331356917504,-0.5720572482287078,-0.25774297607424074,-1.0185858747986007,1.0,1.0,0.0
0.1268896353537681,-0.891113125245794,-0.041135314769468585,-1.0473264964233635,1.0,1.0,1.0
1.4179953304497117,0.44645582022408364,0.67256892067267,1.5599798814344439,1.0,1.0,1.0
0.3200527003229873,-0.5310621514808314,1.25321832073047,-0.6265042981605604,1.0,1.0,1.0
-0.18780248543333092,0.34525466858775944,-0.5309150240108886,0.3489946957510479,1.0,1.0,1.0
-1.056850358130569,-1.484406142824637,0.14677462251671575,-0.8123686035093993,1.0,0.0,1.0
0.998037774194105,-0.8611856486267091,-0.7784698544884519,-1.5809970979735362,1.0,0.0,1.0
0.14349774047944916,0.04386552051954196,0.48370006154277667,0.3363711816286534,1.0,1.0,1.0
0.013208014958747545,-0.03789404712708915,-0.8257868451000691,-7.566446654630099e-16,0.0,1.0,0.0
1.0624898554528681,0.7238401996930511,0.48642047653356457,-0.6396446000783128,1.0,1.0,1.0
0.20381522232887941,0.5175862110467743,0.6659021428806808,-0.8260087764872915,1.0,1.0,0.0
1.4586516340611069,1.1013875785559613,0.13612180411096966,0.2251973650937462,1.0,0.0,1.0
0.3963222768101109,0.8405997465592004,-0.6936072454877655,-0.12476503336343153,1.0,1.0,0.0
-0.8576322072987831,-0.7602093467991575,-0.48917867832838474,-0.03576590949174166,1.0,1.0,0.0
-0.2946558318187041,0.43429550673670564,0.422774301755375,-0.17794983989405772,1.0,1.0,0.0
-0.5046421430115682,-0.13242236681068698,-1.4591838517484061,0.7547077956900611,0.0,1.0,0.0
-0.058862724895654125,0.33038389348004166,0.4148715375218354,-0.6190869593241218,1.0,0.0,0.0
-1.0341815359870106,-0.8241054917826622,0.5991801440680895,-0.0578562883782823,0.0,0.0,0.0
-0.27864123769105503,0.3226956018281975,1.3860889924166153,0.6364608589343294,1.0,1.0,0.0
0.45124466837537325,-0.6652992842245113,1.1905582565837474,-0.8467187856002008,1.0,1.0,1.0
0.3871522544610017,-0.6690425064222704,-0.676270603615766,0.2686876591000595,0.0,0.0,0.0
0.37692750066322356,0.08977390387573221,1.3970547414151704,-0.20762858044816762,1.0,1.0,1.0
1.268790485869423,0.14035608471511546,0.30402991715824645,-7.566446654630099e-16,0.0,0.0,1.0
-0.6373915064409188,0.08548916294146158,1.1732252407384598,-7.566446654630099e-16,0.0,1.0,0.0
0.3471735060097803,1.2985091740749641,-0.6007119738003951,-1.2602773139679744,1.0,1.0,0.0
-0.9611658347595688,1.6171684563872806,0.9381859985337483,1.4178965153036427,1.0,1.0,0.0
7.397145782839753e-16,-0.14588715124616727,-0.489616320284447,0.9485683853521192,1.0,1.0,0.0
-0.02782725980672298,0.2384620665643525,1.1823674788081622,1.2704827311687639,1.0,1.0,0.0
0.4384036361508104,-0.9703278204389209,-1.4591838517484061,1.2728064110718593,1.0,0.0,1.0
-0.5412102014040393,0.9548468073858257,-0.7358445150415343,1.5628292284118184,1.0,0.0,0.0
1.8611416909115788,0.9123071436959833,-1.2319321738285285,1.1673419449599498,1.0,0.0,1.0
-0.49059611037480555,-0.7293008987137022,0.06499588588344948,-1.2513000860505705,1.0,1.0,0.0
1.12875744551155,0.502594655854128,1.111180861104608,0.5784133437145964,1.0,1.0,0.0
1.7216979939169748,-0.08886250110391546,0.10398432341574723,-0.29099648103855663,1.0,1.0,0.0
0.26670447286881954,0.6253508378011943,0.3601675412977245,1.2200171701963853,1.0,1.0,1.0
0.5998756903743881,0.7388186480059136,1.573203062884634,-0.5327186230188737,1.0,1.0,1.0
0.3755232974383294,-0.4263292720157082,0.09198568036953192,-7.566446654630099e-16,0.0,1.0,0.0
-0.60084774571706,-0.6454815110174718,-0.14515921950964425,0.316996577006924,1.0,1.0,1.0
0.07073206614705678,-0.1742244625799059,-0.689261041159357,0.5658586042124594,1.0,1.0,1.0
0.5193992652076604,-0.09168339243405002,-0.3055139076676653,-0.40589144876824307,0.0,0.0,1.0
-0.2954937411764264,1.9442798288001788,5.2092575935491216e-18,1.728113613622831,1.0,1.0,1.0
-0.9229343277902343,-1.46017864919409,-1.1223448963988956,-0.2894155389301333,1.0,1.0,0.0
-0.718611957551666,-0.5619364805348996,1.5938160266643189,0.19874331890922767,1.0,0.0,0.0
0.04547952416274919,0.7831887889121638,1.8377579997428428,-0.7089721889488511,1.0,1.0,0.0
0.13535012490371234,0.05091463554853038,5.2092575935491216e-18,0.6257523240835835,1.0,1.0,1.0
0.2710325218027335,1.6074350870319611,0.8772883623538449,0.5322010240732489,1.0,1.0,1.0
1.4354419287124545,-0.49303795955751545,-0.3721401934419726,0.24949587376384866,1.0,1.0,1.0
0.7979107570002789,0.15688169359139859,-1.2216704067171282,-7.566446654630099e-16,1.0,1.0,1.0
-1.1685343727458075,-0.28024869244560185,-0.17258590824697442,0.30764584763496494,1.0,0.0,1.0
7.397145782839753e-16,1.5196034396880722,0.035335868705221374,-0.363390299726911,1.0,0.0,1.0
-0.8565142380521856,1.2618767474800667,0.027595087261944012,-0.193010165172052,1.0,1.0,1.0
-0.7439476056790062,0.70262865683836,-0.01368729177996726,0.9521117727533499,1.0,1.0,1.0
0.8040377975364322,0.4006932465706168,-0.11657844130149961,-0.5977121285337326,0.0,0.0,0.0
-0.9964040875286483,-0.1185172623249254,0.6351292408938627,0.3547440190147152,1.0,1.0,1.0
-0.490901963983076,-0.34171393285683166,-1.36898936593733,-0.1386495625019567,1.0,0.0,1.0
-0.9084684227320292,-1.2465982959257536,0.05451074294674761,0.33315792348840656,1.0,0.0,0.0
0.6354835220824183,0.4137228432520046,-1.1164541377147619,1.7032417597488099,1.0,0.0,1.0
-0.4285988096482839,-0.24032921289414022,0.3103159665100663,-0.47264429529464896,1.0,1.0,0.0
-1.0197542886325595,0.22343081802426804,-1.4591838517484061,0.8696058299022856,1.0,1.0,0.0
-1.1900920251869764,-1.0946353275960816,0.35537255423683545,-0.25720384347100134,1.0,0.0,0.0
7.397145782839753e-16,0.45944578296194527,1.8661819422849821,0.5294551531637568,1.0,1.0,0.0
1.1022042543684487,0.804802322660027,-0.0886646998548654,0.37645249704704925,1.0,0.0,1.0
-1.1560637528636217,-0.11437824292286823,-0.5702505443418868,0.7662455037400624,1.0,0.0,1.0
0.3371107917657794,0.7008785064044886,0.533313901687607,0.3273147805745191,0.0,1.0,1.0
-0.1626657679627215,-0.8258666036609441,0.615833011339585,-0.8775788422379263,1.0,1.0,1.0
-0.3621176218292885,-1.5669110750574962,1.263700729584662,0.40616357497349315,1.0,1.0,0.0
-0.47292288354159445,-0.45854138862816995,-1.2237626740065308,1.4632086302979321,1.0,1.0,1.0
7.397145782839753e-16,0.4054024273615747,-0.364422109158208,-1.0110752743519902,1.0,1.0,0.0
0.8822912701805471,-1.173431571825867,0.0592286023669457,0.0655258431209102,1.0,1.0,1.0
-0.001118976574007326,-0.01125156057689697,-0.5835142675422003,-0.4199772907642232,1.0,1.0,1.0
-0.8072686766835615,0.35248383304961606,-0.5250508516132057,-0.03189056154506397,1.0,1.0,0.0
0.4471776355117676,-1.28356771869659,-1.2936843928941224,0.8785434470838751,1.0,1.0,0.0
-0.5577968168116393,1.4375727196769836,-0.08419232242996175,0.7102869761479893,0.0,1.0,1.0
0.35473545206259555,0.8523133184593161,-0.13967577797787536,-1.4202422941343922,1.0,1.0,0.0
0.39213982205596765,1.660641829801431,0.07634650553954259,0.003304616706968932,1.0,0.0,1.0
-0.783149797475325,-0.6587066394683098,-0.37552539421937386,-0.8486612066112886,1.0,1.0,0.0
7.397145782839753e-16,0.2408311318640101,1.3210618876077438,-1.381083928472623,1.0,0.0,1.0
-0.14376008306796273,-0.6087506921356071,-1.407305505279056,-0.8270428690235208,1.0,1.0,0.0
0.7193188843191605,-1.1261231582496647,1.171348313438237,-1.9969248088941316,1.0,1.0,0.0
-0.34887757173262524,-0.9946094952927375,0.24378975238476794,-0.6984030461053377,1.0,1.0,0.0
0.8176104401054192,0.11386480122407075,-0.8083650466860307,1.1634047531015175,1.0,0.0,0.0
-0.08989370192022283,-1.0811831558895046,0.17530638790586248,-0.24970332964335853,1.0,1.0,0.0
-0.5170672921393175,-1.0118162910006283,-0.8205789126514557,-1.3702784237423598,1.0,1.0,0.0
0.9563415075329941,-0.773825459118609,-0.9025489897469052,-0.8330544638015703,1.0,1.0,0.0
0.014974085109863842,-1.6777379010450075,-1.0289509485175652,-0.7069544036283937,1.0,1.0,1.0
1.095246894763924,-1.3759317274020868,1.580730558802607,1.111024873183773,0.0,0.0,1.0
-1.435197053443579,-0.38130043414146836,-0.03830233748895524,-0.7732842617073656,1.0,1.0,1.0
-1.3370703892972104,1.9442798288001788,-0.5200077731022028,-0.02946513426086808,1.0,1.0,1.0
-0.04278502808232132,0.062283241437883545,0.9790855001303551,0.0084025743333213,1.0,0.0,1.0
-0.91649067894241,0.8678104288667695,-0.3206810800363632,-1.1058146777877744,1.0,0.0,0.0
-0.47636447504062446,0.5045735254605793,0.990253635121534,-0.352205786821298,1.0,1.0,0.0
-0.33046020158772205,0.5458784319401417,1.9256056587647334,-0.08753171918076212,1.0,1.0,0.0
0.4372176647703805,-0.35519541120812176,0.9131471101625144,-0.22136102496315657,1.0,1.0,0.0
-0.11429449939902568,-0.6044748389692608,0.6157125441090067,-0.6254825553525466,0.0,1.0,1.0
-0.6374332967350788,1.4718964098382517,5.2092575935491216e-18,0.17776805547547103,1.0,1.0,0.0
0.2141126159856736,0.8673772649276899,0.021520826046907658,0.3106611883182474,1.0,1.0,1.0
-0.18368198378343084,1.0830368291384465,0.04557162250258471,1.0913289880185093,1.0,1.0,0.0
0.4360932321763584,0.627647105221269,1.5131062241944768,0.049855664123357804,1.0,1.0,0.0
-0.45687346086793423,0.34223643241580287,1.20894593428969,0.09428441991822242,1.0,1.0,0.0
1.1915531463493128,0.4845008541150016,0.332856822638539,0.583946310844575,1.0,1.0,1.0
-0.40946567492680297,0.30756123480893316,0.3789065680940921,-0.9438164396197234,1.0,1.0,0.0
-1.0777878951548314,-1.1931489069619192,1.095829330631669,-0.34088367885357673,1.0,1.0,0.0
0.05060361839967859,-0.8724158673605549,-0.20077437786573546,-1.153572054569494,1.0,0.0,1.0
0.47561145348377637,-0.4843538690840732,-0.41264530348612477,0.6173538808325254,1.0,1.0,1.0
0.15064704391441613,0.5774964073951709,-0.5100578477336152,-1.0483875965849099,1.0,0.0,0.0
-0.6984901365229887,0.7856003645647957,0.8049947950097349,-1.0656804535654836,1.0,1.0,1.0
0.31343924920987615,-0.7893956104991761,-0.8541510814929253,-7.566446654630099e-16,1.0,1.0,1.0
1.9872841960582854,-0.6609265910955735,-0.9378590503261608,-0.09206717488720169,1.0,0.0,1.0
1.0913126084652491,0.15475796003544992,-0.3215105281774337,1.8755405609382774,1.0,1.0,1.0
7.397145782839753e-16,0.32782979007433305,0.37124886390542877,0.2593160450828991,1.0,1.0,0.0
-0.45483951761314,-0.2406064522211359,-0.9365306277196767,0.25514715641687186,0.0,1.0,0.0
0.19449554460945373,0.760595316257837,-0.5100797827750793,0.42204105320135693,1.0,1.0,0.0
-1.0608866682071096,0.037275698143050484,0.6221162190639516,0.15604091875793355,1.0,1.0,0.0
-0.2885978059840041,0.7074406121492585,0.7244855043832968,-0.16083823586209042,1.0,1.0,0.0
-0.14882200756958658,0.05044901961447676,-1.345491078664002,1.027163045684158,1.0,0.0,1.0
1.4203605784053204,-0.34459432354880737,-0.7815842869244949,0.9022602613043048,1.0,0.0,1.0
-1.5083192282297162,-0.7630147504409042,-1.0669829900019778,0.9001662943344907,1.0,1.0,1.0
1.000224667751551,-0.04263392402227323,0.9106046588668076,1.3807174406754488,1.0,1.0,0.0
-1.926732125040936,-0.017712379304791095,-0.49781102533790894,0.6676801393475839,1.0,1.0,0.0
-0.5379642876022372,1.2424079360614656e-15,5.2092575935491216e-18,0.9073424357801103,1.0,0.0,1.0
-0.6444531525064258,1.183985386175661,-1.4591838517484061,-7.566446654630099e-16,1.0,1.0,0.0
-0.16131932511406671,-0.028650691892215363,-1.0292138885419844,-0.0004485870416933779,1.0,1.0,1.0
-1.2176320546752213,-0.738962159189376,-0.25118524650947766,-1.009758588725429,1.0,1.0,1.0
0.8073407466673492,-0.42758031555424847,0.39571155927140195,0.09770856595531534,1.0,1.0,1.0
0.8788892591547638,-0.36836015860539933,-0.5545094422967364,-1.340390397658451,1.0,0.0,1.0
-1.049987562160917,1.9442798288001788,0.16619286671457775,0.1389609075869254,1.0,0.0,0.0
-1.4262515365530952,-1.6308638262829491,-1.0626740717769776,-0.38698553459423407,0.0,0.0,0.0
-1.567848181258241,1.1576714144866347,1.38877203547361,-0.33101407815802936,0.0,1.0,0.0
0.05150779124325699,-1.2826831272299648,0.6270066274120603,-0.07020525917863585,1.0,0.0,1.0
0.30069020294193205,-0.9459445363096746,0.6645431677245011,0.05230446920041728,1.0,1.0,1.0
7.397145782839753e-16,-0.11357407564683769,0.12507358682892716,0.19592231688273953,1.0,1.0,1.0
-0.02960062754837501,-0.2699783588429437,0.7912859932243079,0.787315682891282,1.0,1.0,1.0
-0.0669982125326232,-1.1589075456906457,-0.6356135216244811,-0.7997711710277514,1.0,1.0,0.0
-0.6685839440853243,-1.5935662658947833,5.2092575935491216e-18,-1.3039781416919196,1.0,1.0,0.0
7.397145782839753e-16,1.92152393155269,-1.4591838517484061,0.3884501697288779,1.0,0.0,1.0
0.17352885388599104,0.19461736380783878,-1.2811263294581468,0.9736673794441693,1.0,1.0,0.0
0.4959353533738527,1.0228072519308742,1.3396090062311445,-0.5497569585923596,1.0,1.0,1.0
-1.3723254510962983,-0.48466445937500235,-0.6894245031669732,-1.2690845077129471,1.0,0.0,1.0
-0.38895453740082997,-0.9705546896700546,-0.29940585985323875,0.09822331895162568,1.0,1.0,0.0
-0.40399815381409393,1.9442798288001788,0.96718731602286,-0.4423701677834744,1.0,1.0,1.0
-0.20047796149157557,0.07844543874001526,-1.3639965487818109,-7.566446654630099e-16,1.0,1.0,0.0
-0.10625170573607774,-0.8209466749837122,-1.4303565468015909,-0.9645918294752169,1.0,1.0,1.0
1.4199666499427763,1.9442798288001788,-1.3433237651922743,0.7789715770754818,1.0,0.0,1.0
7.397145782839753e-16,0.43712576611389636,0.013754341857084688,0.6820327006860312,1.0,0.0,1.0
1.9293019054434875,0.45858088604791136,1.340939572344217,0.24713742278312384,1.0,0.0,1.0
1.1531773348281762,-1.28143546702288,-0.6494808194498941,-0.7357859511668627,1.0,0.0,1.0
-0.09520635784924134,-1.2481823671308183,-0.3904113389954171,1.8469742212110243,1.0,1.0,0.0
-0.8260425682398879,0.881507675711285,0.15608648765596989,0.3928005044073651,1.0,1.0,0.0
1.4091967039693385,1.2424079360614656e-15,0.40339303413745975,-7.566446654630099e-16,1.0,1.0,0.0
-0.5035995389962473,0.8869374558311267,1.2770694977498536,0.38922668071388183,1.0,1.0,0.0
-0.34281046369642487,1.2206281751332169,0.8634753471399048,1.7151802496083406,1.0,0.0,1.0
-1.4810146824935968,-0.7465326367920189,1.0524226763397102,-0.9924095919807813,1.0,1.0,0.0
-0.34012018545568334,-0.794223699507226,0.4513778930830617,-7.566446654630099e-16,1.0,0.0,1.0
-0.2537800091121147,0.31131971772693684,1.0995626095171662,-0.7122328080895879,1.0,1.0,0.0
0.2583168099685707,1.22328334038966,-0.8987576101942734,0.4784710095199508,1.0,1.0,0.0
1.3140184494509768,-0.8984718831333752,0.18163444974245677,0.5050672339915844,1.0,0.0,1.0
-0.0005340380800593268,-0.054553364073524166,-0.5153264851804443,-7.566446654630099e-16,1.0,0.0,0.0
-0.8147122596913783,0.23383068980061364,-0.12833300920718735,0.9264503362166612,1.0,1.0,1.0
-0.553927690368627,1.2424079360614656e-15,-0.6220299948003074,-0.36691418735470666,1.0,1.0,1.0
-1.4463471385629045,1.9442798288001788,5.2092575935491216e-18,0.47911399516651737,1.0,1.0,1.0
0.8792023439839002,-0.5644809633774933,-1.0887334367681716,-1.1420574661844658,0.0,1.0,0.0
0.7821972254929007,0.46565352189653364,-0.22829630132015277,0.035626840002325036,1.0,1.0,0.0
0.8431889454089253,0.06719567706993704,-1.4181392748842507,1.1596952180087707,1.0,1.0,1.0
-1.209683538845898,0.6335029980401746,1.4362889614887229,0.3353315981126911,1.0,1.0,0.0
0.07997175290469927,-0.5485106516179518,0.20686907977214608,-7.566446654630099e-16,0.0,1.0,1.0
7.397145782839753e-16,1.2424079360614656e-15,-0.9071504276098132,-0.5140045434662365,1.0,1.0,1.0
-0.07637458602997924,0.0163805651729482,1.2450445161222372,0.49802723180638053,1.0,0.0,0.0
-1.0146206330314094,-0.20605998767033099,-0.39052823910454604,-1.9950947728231334,0.0,1.0,0.0
0.35816038504463715,0.11743093279382957,0.42002474641684356,-0.9518460585676392,1.0,1.0,1.0
-1.2026836661466656,-0.5495845882284992,0.4598125253978766,-0.023681586847452717,1.0,1.0,0.0
0.13219758983536722,-0.6284730710792708,0.42156407197196943,-1.0407265556111738,1.0,0.0,0.0
1.8732606259585833,-0.2515456296314749,1.122385705851564,-0.19420312748072502,1.0,1.0,1.0
-1.8029607307852737,0.4242818364319754,-1.273618600905104,-0.4807688193784556,0.0,1.0,0.0
0.3278085079919592,0.14712613269838407,-1.4535445941354737,0.4804841268845949,0.0,1.0,0.0
-0.19298677599791036,-0.56384717043335,0.3337991249145006,-1.726651028930053,1.0,1.0,1.0
1.498837122005381,-1.1640906642199338,0.9671823006396231,0.858704143759802,1.0,1.0,1.0
0.43053607874421534,0.22600617353209693,0.7600218804893722,-0.318566433427431,1.0,0.0,1.0
-1.844650553703561,-0.665694260079154,0.2716646102991121,1.2014396037091295,1.0,1.0,0.0
0.9603464384124589,-0.06042729759808302,-0.27188123995608143,-1.4045869746554556,1.0,1.0,0.0
-0.8165117892405576,1.2424079360614656e-15,-1.4588109996815748,0.651751411101017,1.0,1.0,1.0
0.12038637135541415,-0.5245149251164368,-1.459162185702411,-0.10264658729468111,1.0,1.0,1.0
0.3278260492307923,0.09722175289811696,0.9420172866133175,-0.06445063878567013,1.0,1.0,0.0
0.6221643039310151,-0.4100852172013555,-0.575531867776609,-0.30841650301465423,1.0,0.0,1.0
-0.14586905912143444,1.767060922678948,-0.8286319114308679,0.6324554062340483,1.0,1.0,0.0
-0.08327809259099034,1.2424079360614656e-15,0.35991415827353285,0.9006422628997613,1.0,1.0,0.0
-1.1304233763233031,1.2424079360614656e-15,-1.4591838517484061,-0.8248372278879621,1.0,1.0,1.0
1.4505017295476255,1.4694453373229477,1.6624043405237112,0.0024880951526708942,1.0,0.0,1.0
0.20010434022627557,0.21540888440715528,-1.4591838517484061,1.3906188957264323,1.0,1.0,0.0
-0.4534448633851168,1.8151577828754937,-0.03706530449865207,1.2242513072249395,1.0,0.0,1.0
-0.7601043442919744,1.2424079360614656e-15,-1.3721714839702817,-0.19804544772931276,1.0,1.0,0.0
7.397145782839753e-16,0.05177175193876499,-1.3341029041880854,1.9946738462555498,1.0,1.0,0.0
-0.26730258438078247,0.21570366616271996,1.2267078186407745,0.49156348786456355,1.0,1.0,0.0
0.5997317514893097,-0.3757671775213421,-0.7002911265516429,0.502195811823704,0.0,1.0,1.0
-0.24690556376726527,0.798797063373755,1.9042387682054949,1.0188800256789743,0.0,1.0,1.0
0.2654292549708494,-0.9307369495769372,-0.8701708385383593,1.8071508381558339,1.0,0.0,1.0
-0.8629162789047311,-0.43783693900970205,-1.0998711058823312,0.4437587149615364,1.0,0.0,0.0
1.5486752362346332,0.5099999301087599,-0.2161703873865547,-7.566446654630099e-16,0.0,0.0,1.0
0.24256410638198594,-0.5473860272703368,-0.09492902510705531,-0.7724308917990241,1.0,1.0,0.0
0.4110150717274623,-0.35650388886016665,-0.04329801187456877,0.9195528856596857,1.0,0.0,1.0
-1.5930046385135244,-0.537575742102048,0.21968001223196063,0.779152577201638,1.0,1.0,0.0
-0.27434323741555383,-1.0736633115682048,1.228448021732061,-1.0780704133746062,1.0,0.0,0.0
-0.4243523585667985,1.2424079360614656e-15,-0.7224560595189164,0.2766356116849772,0.0,1.0,0.0
0.9809655230758748,0.9857094383529837,-0.7476107739440191,-1.9737319027698477,1.0,0.0,1.0
0.984376891460947,1.8514841293614255,-0.12988762817163402,-1.4862077370375208,1.0,0.0,0.0
0.6986239678869681,-1.0622291179022458,-0.4454621293103917,1.0564195537370962,1.0,0.0,1.0
7.397145782839753e-16,-0.036914003804540976,0.6075197259341877,1.3288002207472174,1.0,0.0,1.0
-0.5026281137643692,-0.5790408066552643,-0.440247561265377,-0.9860093298065922,1.0,1.0,0.0
-0.5263100841813517,1.386467900820967,-0.710181225081064,-7.566446654630099e-16,1.0,1.0,0.0
0.45193259685345266,-0.1446325513853604,0.18437076381115708,-0.016415239662646863,0.0,1.0,0.0
0.7098593998463518,-0.10400380235839815,-0.9726097205038858,0.3401428413359545,1.0,0.0,1.0
0.4686507064833262,0.4492915718700555,0.056394735925601396,-1.6439835408540815,1.0,0.0,0.0
0.0050498096765214644,-1.0654817371674679,-0.23828031943387903,-0.47363764122510227,0.0,1.0,1.0
1.623006942689077,-1.2040942939612198,0.9880332609327561,-1.4405605699275512,1.0,1.0,1.0
-1.1985379851918323,1.2424079360614656e-15,-0.5413116602148202,0.1432092690399872,1.0,1.0,0.0
1.4590788434391768,1.654774202441447,0.38216894517447025,-0.5511167460198095,1.0,1.0,1.0
0.5534828543963871,0.6525408562654021,1.1950441878044835,-1.388827113869586,1.0,1.0,1.0
0.5139378818265745,-0.19518375407841407,-0.3126144163787574,-0.5959231871761117,0.0,0.0,0.0
-0.868896673180147,0.8479120137298998,-1.4591838517484061,0.6585022742825627,1.0,1.0,0.0
-0.8979646723410082,-0.6234244791519749,-1.1501129381053259,0.5283993248159095,0.0,1.0,0.0
0.009059589426469158,-0.5476512211783632,1.2091272875124015,1.2200171701963853,1.0,1.0,1.0
-0.15792065866115398,0.2889937395867294,-0.5935459222253712,-0.9107098506241951,1.0,1.0,1.0
-0.2594747109620547,0.7705386137237016,1.3826598967961523,-0.22573956268184583,1.0,1.0,0.0
0.18214904358488437,0.010574529912720952,0.39745541095420733,0.26528756279024057,1.0,1.0,1.0
0.15407591673928267,-0.5551853395677949,-0.46392394467428816,0.27359275020205,0.0,0.0,0.0
-1.4827948736324505,0.8918112347754108,0.5928020040242546,1.172383128625156,1.0,0.0,0.0
0.07931097232057238,1.4403236632903456,0.2832749440933972,0.5999672731336041,1.0,0.0,0.0
